text,true_label,pred_label
<user> <user> well she ‚Äô muslim so of course she hates the jews jew hatred is one of the defining feature of islam,hate,normal
<user> lol not me i don ‚Äô t deal with bms not outside children ‚Äô ss i leave that ghetto mess for everybody else üòÇ üòÇ üòÇ,offensive,normal
a pussy hoe could never is so ghetto and i hate hearing it,normal,offensive
even if you just have a loose collection of affiliated groups each group is gonna have leaders and inevitably leaders will emerge among the group of leaders who end up coordinating the groups this is just human nature debating human nature is retarded,normal,offensive
<user> <user> treat the immigrants as drug traffickers they will soon have a change of mind üëç,offensive,normal
people calling undocumented immigrants labor unskilled are dumb af ya ever built a house shit ain ‚Äô t easy,normal,offensive
<user> puppy no i was alone i am not a nazi white supremacist or any other type of person i am <number> southern i support traditional values and all things with southern culture i support anything that saves confederate monuments and history,offensive,normal
space is gay and so are you,offensive,normal
dis lil white bitch got da poker ü§¶ üèΩ ‚Äç ‚ôÇÔ∏è,normal,offensive
<user> not low class they enjoy to get fucked by muslims,hate,offensive
calling me a nigger on gab does not faze me i will be really impressed when someone on here calls me a mooncricket,normal,hate
imagine being so disconnected that youd think a dickies work shirt and some black pants are comparable to a fur suit imagine crying about optics while writing for a site that screams nigger in every title like a <number> year old on xbox love who d just found 4 chan,offensive,hate
the blur the retard,normal,offensive
easy to make generalized statements a stopped watch is right twice per day drug addicts can make intelligent statements from time to time even a mentally retarded person knows when to go to the bathroom,normal,offensive
no that can not be we all know that muslim knife attacks have nothing to fo with religion,offensive,hate
america is supposed to be home to free speech except there is one problem most of the platforms are privately owned by jews and the jews could not care less about your free speech wake up white people the jews control what you see and hear be vigilant,hate,offensive
<user> where in new york was this taken white supremist nazi radical evangelical bigoted pos road rage waiting to happen,offensive,normal
why is a nazi getting <number> million subs what the fuck what the fuck you guys pewdiepie,normal,offensive
even worse i have read comments defending this vid stating the message is anti violence against all stfu with that noise,offensive,normal
in the meantime jewish advocacy receives billions in funding from jews and that ok but when whites do it ooh better watch out it all a scam better not organise someone might kike you,normal,hate
suck out you faggot,offensive,hate
<user> they resisted it for <number> years along with the nubeans in the south of sudan that is a beautiful and remarkable history of resisting evil i gotta tell u u have to read genesis <number> <number> the story of ishmael and u will see arabs today perfectly described,offensive,normal
hillary clinton with dyke roomie back in the latter <number> still a rotten bitch today,hate,offensive
they do not tolerate mohajirs been crammed in the slums of karachi daily being told2go back2india there can be no nonmuslim refugees2pak bdesh every1 knows the same night mulla goons will dash in their homes lift up the women kill them law will ignore,normal,hate
<user> <user> if i am a faggot why would i be white knighting for a girl you need to fire your continuity department,offensive,normal
every job in the world exists solely to make a white woman life better,offensive,normal
<user> <user> lmfao girl its just ghetto and its always alot going on,offensive,normal
hope she remembered defending the mudslime that instigated the gang rape and murder karma is a bitch,offensive,hate
america always was a country for by and of genetic europeans a white man born in china is not a chinaman just as a mexican anchor baby born in america is not american,offensive,normal
<user> i fucking hate you yzm üòÇ,offensive,normal
backpedaling fails to point out exactly my comments and resumes to nonsensical aussie retarded babbles go choke on a cock you useless wrinkly aussie slag you are th descendants of the bottom feeders among limeys loll,hate,offensive
i go to public beaches and see beautiful young women it tiny swimsuits and yet somehow i have managed to never rape anyone that the difference between americans and islamists apparently,hate,normal
<user> there were also no mentions of the threats immigrants present to citizens screw israel,offensive,normal
dababy security explaining why he knocked out that dyke should not be as funny as it is,hate,normal
anyway you all see these euro niggas dangerous mofuckas,normal,offensive
reverse it west yorkshire police are so good at their job no child raped by paki muslims on their watch asif,offensive,hate
got into my first car accident üôÑ a bitch was shook,offensive,normal
jews are the only enemy in the history of the world that resort to crying its anti semitic to resist my actions boo hoo,hate,offensive
twitter use to suspend me and when i got back on id lost hundereds of followers they finally banned mebecaue this muslim who threatend potys i reported her to her busness fbi she called my home threatened me i bet she is still on twitter,offensive,normal
<user> respect the based nigress üò§ he would be nothing without her,normal,hate
fully agree every personal interaction with these queers reinforces what i already knew severe mental illness and obnoxious to boot,hate,normal
talk to me when one of the dumb tradthots get shot over their views or something no one gives a shit about some idiot getting detained on muslim grounds anymore this isnt <number>,offensive,hate
i didn ‚Äô t get a pedicure last rome i got my nails done n now my feet look brazy this is ghetto,offensive,normal
f the gop it drowning itself in the bathtub unless you people are just going to give up and let these nazi puke sacks win i am never going to quit fighting white supremacists until they are gone republicans are the party of white supremacy that their identity üëª,normal,hate
<user> aloha akbatman she not the immigrant we need or the immigrant we want but she the immigrant we have got so let beat her because she can take it,hate,normal
i d rather get fisted by a nigger tbh,offensive,hate
musacchio suspended for being a retard blame giampaolo,normal,offensive
when america was white no ghettos no handouts almost no taxes no men of color trying to have sex with your <number> year old daughter almost no crime the left says the white communities must die out,hate,offensive
<user> he ‚Äô delusional trying to say that jews built the pyramids what a joke,offensive,normal
yeah i also agree that the middle eastern ones are coming mostly to hungary but these other refugees away from mudslimes are all schengen regions why bother applying for refugee status when you can just move it perfectly legal,offensive,hate
does not know the difference between latino and spic but thinks it an authority also thinks it smart ü§î,offensive,hate
white gay men mad they can not say dyke bc they do not have faggot to themselves lmao,normal,offensive
enjoy your new drama filled scandalous royalty england this is what happens when you take a ghetto <number> y o divorcee and try to make her a princess,normal,offensive
if you ‚Äô re an army that is republican you are not welcome here we hate you,hate,normal
society is sukin on your dick and since i got a pussy i am a bitch,offensive,normal
the french deserve to either end up as dhimmi moslem slaves or dead could there be anything more stupid apart from the politicians now running european countries france paris muslim islam islamofascism,normal,hate
<user> the white delegation has waived that white devil woman,offensive,normal
<user> <user> there are literally nazis all over all the time rigjt now throw a rock you hit a nazi,offensive,normal
wishful thinking mr president these people will always hate you white man do not you get it yet u <user> stated that whichs very dangerous why do u refuse to understand that king kike trumps a genetic jew on his dads side wow hes its not an anglo saxon white man white nations,normal,hate
and david bowie allowed a mean black woman drag queen in san diego destroy his career and had him locked up in a c y a prison camp,normal,offensive
they have thousands of years of practice but the fuckers keep re branding themselves in history books so nobody realizes it the same jews using the same rabid arabs century after century,offensive,hate
just cause we no longer fuck w each other don ‚Äô t mean i hate you but don ‚Äô t try to be dry ass petty with me,offensive,normal
bitches broken hearts,normal,offensive
<user> ffs these ghetto blacks are ignorant like cracker mountain hillbillies,hate,offensive
whenever i say redneck in front of white people they act like i said a bad word,offensive,normal
well at least the mudslimes occasionally get it right now if they could just ramp it up by about <number> million,offensive,hate
you can not culturally enrich a moslem,hate,normal
the haters who have high self esteem and see me as lower or try laughing at metrying to be egotistic and narcisstic ass fuck whether single or not and think their life better than mine deserve a big fuck you too,offensive,normal
me laughing at dead children and refugees is disgusting and scum pakis but what about those guys who beat up that scammer outside o k,offensive,hate
good my people are insufferable you can tell from the exchange between me and paki reactionary,offensive,hate
whatever crypto infiltrator u are yeah but ur pro zionist are not u definition of jew believes in and pushes holocaust hoax as well as pushes <number> <number> was done by arabs story,hate,offensive
breaking trump plan to send illegal immigrants to sanctuary cities is undergoing review sarah sanders says,offensive,normal
because women would never lie about being sexually assaulted for personal gain ain t that right feminists,offensive,normal
so yes i do see the political landscape stormfags who spout jew shit are just as damaging to the solution as fucking sjw faggots are,offensive,hate
<user> oh you mean odumba the admitted mussie and admitted he was born in kenya and those are easy to find in a search,hate,normal
if money was grown on trees women would be dating monkeys oh wait never mind,hate,normal
diversity is a code word for white genocide,hate,normal
for all the muslim goatfuckers,offensive,hate
wow you think race has nothing to do with it why do we have all these ghettos in america you think race does not dictate behavior you really think these immigrants come here because they want to adopt your white american heritage why are they tearing your monuments down,hate,offensive
i guess you are not good at statistics how many cities have whites burned and looted how many ghettos have they created how many first world civilizations have blacks created why did they never invent the wheel or written language why do they still live in mud huts,offensive,hate
i wuz tired of havin <number> pack of rib das nigger shit so i had <number>,normal,hate
the left applauds transgenderism it is an act of courage that must be celebrated legally endorsed and protected and woe to anyone who disagrees the left approves of transgenderism as strongly is it reproves a gay man woman wanting to transition into a heterosexual legally forbids any assistance,offensive,normal
<user> alex is the mega gay,offensive,normal
look who introduced theresa may to phillip may always a connection as to why paki muslims have raped with impunity g4s protects the grooming gangs that why tommy robinson has been imprisoned always a link,hate,offensive
this sperging alt right retard accused me of being a subversive jew now he is claiming that i am sarcuck the fuckwad i wish i was making something like that up where it makes whites look bad but i am not,hate,offensive
<user> we have words for guys like you it ‚Äô called bitches,offensive,normal
a nigga have a baby on me i swear i ‚Äô ll take out the whole family sorry not sorry üòã üó°,hate,normal
stealth goatfucker <number> üòÇ üòÇ üòÇ,offensive,hate
ellison perez and obama walk into a bar we do not serve his kind here says the bartender with a vague motion perez thinks he is not black enough ellison thinks it because he a public muzzie obama suddenly bursts out hey we are all traitors at some level,offensive,hate
token astronauts jeanette epps negress replaced with mexican chic x feed the fish sally ride lesbian quota affirmative action segregation hbcu,offensive,hate
ideally yes when push comes to shove id rather live in a white run city country we already know what a planet of apes scenario looks like baltimore chicago philly detroit and every suburban mall failing to shoo flies,hate,normal
we sound stupid when we talk ghetto remember white women calling jewelry bling it was embarrassing to hear my favorite is white guys wearing their pants below their asses whoever told them this was cool,offensive,normal
looking at all this nigger ruin wondering when we starting spelling detroit with a z,offensive,hate
nuke a gay whale for christ,normal,hate
i forgot all about my steak in the damn sink ü§¶ üèº ‚Äç ‚ôÄ Ô∏è ion even wanna cook the bitch now,offensive,normal
islam continues to spread because of arabs,offensive,normal
plenty of faggots to talk to,hate,offensive
logan paul is a fucking bozo,offensive,normal
the ultimate anti muslim weapon a muslim being killed by a women means no virgins in heaven the armed kurdish women brigades caused fear and running of isis in syria this is the time for our sisters to take control of the destiny of the human race,offensive,hate
this nigga is a fucking joke i swear,offensive,normal
the labour party has <number> mps in prison for paedophilia <number> mps and councillors on the sex registry <number> million white kids raped by paki muslims all labour voters covered up by labour councils mps and a pm,hate,normal
the jews are less than <number> of the total world population so the only way you can be right is if all the jews are some kind of ultra wizards fyi the jews are not some kind of ultra wizards,normal,offensive
glassboro mcdonald ‚Äô ghetto just like millville got me getting smart with people early in the morning,offensive,normal
<user> the shooters must be muslim,offensive,normal
<user> you me being retarded elderly pepo,normal,offensive
call i wanted to overhear today hill this is barry look i told <number> million illegal immigrants i would not prosecute them for voting you still could not pull it off oh hey could u send me the name of that guy who set up your foundation thanks hillary trump presidenttrump speakfreely,offensive,normal
i find when i tell liberals about what is happening in europe with refugees and islamic invasion and how women girls m as well as young boys gays lgbt and everyone native in that country are being assaulted raped and abused it is very effective at turning liberals red trump pizzagate,hate,normal
a mother who tells her child to play with a diseased child look i know they did not have iphones and computers back then but they were not retarded for fucks sake,normal,offensive
dude in white trash crew shirt just almost swung on a couple in <number> <number> cus they fed his boston terrier a potato chip,normal,offensive
america is so racist that they think asians are smarter than blacks and hispanics they also pay asians more too and asians are more highly represented in high tech industries i blame white people,normal,offensive
america the rulers overlords at the federal local levels have made a declaration the lives of american citizens are no longer our concern as of this moment the only lives worth protecting defending are those of illegal aliens muslim terrorists libbyschaaf,hate,offensive
wherever trump goes there is love peace and happiness except for israel only jews would kill around <number> people in his presence,hate,normal
white south africans are the real refugees we need to be saving let the arabs and africans save their own people for a change oh wait that who the supposed refugees are running from burnitall nomorerefugees shootthendeport,hate,offensive
fems you all outchere fucking dykes that need half on the rent,offensive,hate
<user> i am sorry isabelle but you are fucking retarded,hate,offensive
‚Äú y ‚Äô all got everybody infiltrating negroes ‚Äù nicki minaj,normal,offensive
<user> the non whites will follow wherever we go until we go somewhere that we do not let wormtongue jews in with us and hold out ground,offensive,normal
am not trying to be racist some of them mmg rude especially arabs mabuk tu takyah cerita la dah mabuk blh pulak drive ü§¶ ‚Äç ‚ôÇ Ô∏è,offensive,normal
do asians like you ever feel any shame for invading us universities in such overwhelming numbers,normal,offensive
whatever ivan bollockov you keep flapping like a bitch i will get your dad to turn your wifi off and confiscate your phone,offensive,normal
means barry who filled the white house with black and muslim terrorists is a pro american whoa i like this kind of trash logic or,normal,offensive
you can not speak abt lesbian issues you are a kpop stan ah yes i forgot jungkook took away my dyke card,offensive,normal
i just want to say muslimes f off,hate,normal
white guy puts ied in mall and the response is fuck all muzzies and spics stay classy gab,normal,hate
in england they call these people asians even though they are from the sub continent and pakistan and east asians are called orientals it irritates me too we should classify them by race and perhaps religion in this case paki muzzie,offensive,hate
everyday the same thing i have contracts on my life im going to get killed im dead its my fault im an nut a faggot everyone hates me the country wants me dead organize crime the police who does not want to see my die,normal,hate
<user> <user> not migrants these are illegal immigrants which makes them criminals either lock them up or deport them,hate,normal
<user> it actually country but ghetto stole it,normal,offensive
couple friends you know bitches get funny,normal,offensive
<user> <user> <user> and retarded,normal,offensive
when the lewdposter you follow reposts a series of naked sheboons,offensive,hate
a quick web search turns up that in some ancient cultures polygyny was explicitly restricted to cases where the woman failed to yield children does the bible have that restriction not that i have seen jacob had children with four women simultaneously it would appear you are simply wrong,offensive,normal
i mean of course we do not know why he did it we have yet to establish a clear motive it may just have been a sexualemergency hence his desperation the gun was just meant to compel the women to realize the urgency of the matter,offensive,normal
i find it easy to get around being called a racist sexist nazi homophobe if you are just an asshole to everyone,normal,offensive
<user> forreal western countries are the only fucking places where immigrants expect shit to cater to them,offensive,normal
it officially october where my niggers jason n freddy,normal,hate
signs in the ghetto warning the jews of typhus germans warning jews about a deadly disease,offensive,normal
when a cucked trump faggot thinks you are a libertarian,offensive,hate
we are lucky his son died before he got sudden jihad syndrome the ft hood shooter killed more us soldiers than moslem soldiers have died fighting for the us in the past <number> years that is easily checked,normal,hate
lemme go watch dany be a stupid bitch yet again on got,offensive,normal
<user> dis nigga called us coons and niggers with a er am i missing something lmao,normal,hate
now if only we can get moslem men to do this before their wives squat out shitlings,offensive,hate
read on swedish facebook police does not have time to arrest a rapist who raped a <number> year old girl despite knowing where he lives and who he is,offensive,normal
see how lefties turn on their poster girl aung san suu kyi mynarmar cos she will not bend to dhimmi traitor politicians un by appeasing moslems unhcr head is a moslem screams genocide irony yet mentions nothing of ongoing moslem genocide of christians in middle east me says go for it aung,hate,normal
i do not know what i d prefer to see happen to owen him thrown off a roof by a moslem refugee or to suffer a long agonizing death by aid,hate,normal
we could update the refugee law if a refugee kills someone then <number> people from that refugee country are deported each time it happens we double the number deported to that country,offensive,normal
<user> hux is literally gay and kylo is an ally,offensive,normal
i should post pics of muslim women sucking christian cock lol,offensive,hate
niggas say hahahaha you live with your mom hahaha you must be poor nigger i just spent <money> on a new computer for my mom kindly fuck off pls kthx <number>,offensive,hate
you know niggers love pretty b*tches <censored> with ambition,offensive,hate
sex be so good a bitch be slow stroking and crying,offensive,normal
nah bitch quit playing with me,normal,offensive
real nigger me please,normal,hate
got told off in the butcher for asking for a welsh faggot apparently they are now called savoury ducks that explains why i was banned off facebook for the f word i used,normal,offensive
americanthinker usually with excellent editorials and i especially like the comments section today a jew harped on and on about poor pitiful persecuted jews and how terrible anti semitism is what so damn special they should have their own word for alleged racism,normal,offensive
<user> girl i use my email for anything important cause that shit too ghetto üòÇ üò≠,offensive,normal
that seems like a misleading generalization i heard black women do not like giving oral i bet the black gays do though and the dl guys probably do so prob <number> <number> tops,offensive,normal
perhaps the men in question prefer women who do not dress like streetwalkers,offensive,normal
<user> looks more like white trailer trash,offensive,normal
so is it ok for us to protest jews in those positions in our countries as well chill the personal attacks i am better than you at those and i have not even used one yet it a debate,offensive,normal
tell your kids about today how king ermias united the ghettos of america even if it ‚Äô just for a day üèÅ,offensive,normal
dunno not good enough he should offer his wife to the negro as,offensive,hate
jews pull the same shit on online forums close down all criticism of them and ban threaten people in sherdog i mentioned jews in a couple of posts and all of a sudden some mod is leaning on me the fucker has an illuminati avatar,offensive,hate
<user> he is infected with jihadi virus he will spread it to others,hate,normal
the solution to save the white race is clearly to vilify women and not have children after all who wants the burdens of marriage like our dumb ancestors they should have probably just chosen to stroke it out rather than continue on our race,offensive,normal
asians are so sexy wallahi but then you link up with them and they ‚Äô re like <number> ‚Äô <number>,offensive,normal
most muslim men are homosexuals pakistan has more male prostitutes than most countries film makers concluded that most pakistani men visit male prostitutes for sex if you dont believe me ask the ex cricketer and now politician imran khan,offensive,normal
yes npr do go on please tell me about all the poor women who need my money because they can not keep their legs closed maga speakfreely,offensive,normal
<user> if its not hillbilly cousin fucking town then yes for that price ü§£,offensive,normal
how about royal traitors üòÇ loosewomen,offensive,normal
these hoes be acting up and these niggas be letting them ü§®,offensive,normal
that video of the deaf dude having sex was killing me yesterday üò≠ and this nigger <user> gon post the video in the chat so i am dying all over again üò© üò© üíÄ üíÄ,normal,hate
for the record i do not think it can be denied that jews are nepotistic and intelligent with a strong in group preference what bothers me is that they will not allow anyone else the same priviledge,normal,offensive
anti violence laws just saved a white man from my nail scratches,offensive,normal
<user> i peeped your avi you definitely look like the ghetto ass auntie that you are üòÇ ü§© üíã,offensive,normal
us black trans women are dying white vegans us eat meat white vegans you should be ashamed of yourself,normal,hate
<user> being jamaati islami and supporting islamic state waystodieinkashmir,offensive,normal
have a nice day at work white man,offensive,normal
niggers waste their entire lives running away from themselves,normal,hate
<user> ur dogshit faggot which explains why u r over <number> and never can make cl stfu faggot,hate,offensive
do not you love when nazi wannabes complain about israel because hey like we do not want them here but we do not want them there either stupidity,normal,offensive
and they could not even get attractive models to wear those retarded crayon scratching designs,normal,offensive
i have been communication banned twice in the past month for calling kids faggots on rb6 when my teammates kill me for no reason kids really can not handle this shit nowadays,hate,offensive
crackheads call themselves crackheads we all know black people who call themselves niggers savages and thugs but is not it different when a white says the same words let us keep it <number>,normal,hate
a liberal asked if conservatives would do the jobs illegal immigrants do why must democrats think we need a permanent underclass of non citizens wait were not they the ones who implemented slavery were not they against civil rights it all becoming clearer now,normal,offensive
jim_jordan we want premiums to come down for middle class and working class families me too and illegals out welfare bums get off your asses get a job and pay your own damn way no refugees,hate,offensive
when blacks act in a manner far less likely to involve getting shot their peers call them coons and uncle toms some of their own people told them this too but they did not want to listen,normal,hate
if your humor is based on racism homophobia sexism and rape you ‚Äô re not fucking funny go home,normal,offensive
<user> i just watched my two retarded 4 th grade teachers be retarded assholes,normal,offensive
more white people are going to get red pilled by the media outrage at it okay to be white and more posters will go up awesome,offensive,normal
i hope the niglets keep going down on their knees its the only realistic depiction of blacks on fake news tv any chance of getting t shirts made that say <user> boycott nfl tebow rule cant pray owners are pleased with their blacks down on their knees,offensive,hate
whio wants to be my slave dm me slave gay sexting incest horny femboy trap,normal,offensive
at it root it is a muh dick and gibs me dat ideology no wonder it is so popular among blacks even though they have no idea how much the arabs hate them and still trade them into slavery,offensive,hate
<user> bat ching chong,normal,hate
well uh not just bc of zombama and cunton they arabs and blax love slavery jews too as far as i can tell,hate,offensive
i really do not understand why white people can not say nigger i mean we invented it,normal,hate
<user> fyi i m claiming war queer fuck em,offensive,normal
why do you gym muscle faggots not spend more time rushing homophobes,offensive,hate
<user> he ‚Äô just gay in general no stipulations are needed,offensive,normal
now he comes aaron judge certainly one of the hotter yankees michael kay no homo,offensive,normal
so a gook threw out all of my books long story i am putting together an amazon cart with all of my old books and some new ones anyone have any suggestions,normal,hate
im tired of seeing that black and white ass eating video the bitch thats shaped like squidward and the the girl getting fucked and then suckin dick like bye,offensive,normal
can someone answer my question are tax payers still paying for the so called obama phones for low income and ghetto rats,hate,offensive
now that transgender rapist martin ponting traded his twig and doodleberries for a hoo hah courtesy of the british taxpayer he gets special accommodations ‚Äì namely being put into a prison full of women brittany m hughes,offensive,hate
israel is the only democracy in the muzzie mideast and an american ally people who hate israel are idiots,normal,hate
<number> in <number> google employees are women yeah cos white guys only hire white guys only <number> of comp sci graduates are women kill me,offensive,normal
<user> the only problem i see right now with this is the robot is white so even if you do grant it rights some ghetto niggas are going to come along and kidnap it because it white and mostly like supported donald j trump for president,offensive,normal
so as men we have penises that look like melted candles but women get something cool as their pussies look like the fucking predator,offensive,normal
is slutshaming still a thing yikes,normal,offensive
be proud of your heritage no nigger could ever make this kind of art and no nigger will ever come close to being half the man as general robert e lee,normal,hate
thats homophobic you vile sand nigger,offensive,hate
pedophilia promoted by mohammed piss be upon him perfect rolemodel for every moslem,offensive,hate
we have several generations of women utterly incapable of making even the simplest sandwich,offensive,normal
i will stop caring for the arabs when i see militias cleaning house in dearborn michigan,normal,hate
fucking hate you bro i stg üíÄ üíÄ üíÄ üíÄ,offensive,normal
<user> <user> jews are white now,offensive,normal
<user> just told me he gained so much weight lately because of all of the nigger cum he been swallowing tmi vox i replied,offensive,hate
<user> according to police the suspect sean bell was also in violation of driving with six suspensions yep just another day on white trash collapsing long island,hate,normal
the promise of a real place to go after high school for fat and queer kids could literally keep them alive,normal,offensive
that is about the most faggot ass looking shit a man could wear bet ya any sumbitch that dons this bs is packing a man purse too,hate,offensive
i poisoned sergei skripal he was a faggot anyway,hate,offensive
<user> text me faggot,normal,offensive
no chinks niggers or redskins ah i can already tell by the blunt racist dialogue from one of the white characters in the opening scene that this is going to be a good exploitation film,normal,hate
i am an american but i am ethnically chinese people often ask me what does ching chong ching chong mean i always answer it means go fuck yourself you retarded democrat speakfreely,offensive,hate
so nice to see an american family in the white house and not the ghetto trash who was ruining our country maga gabfam britfam,hate,offensive
if she not bringing in da bag leave dat hoe,normal,offensive
this nigga too good to be true ain ‚Äô t no way he show up to my crib wit a bag full of my favorite food,offensive,normal
<user> and <user> jailed today for highlighting the paki gangs raping british children in towns and cities across the uk our police will not do anything about it because they are busy engaging in this degeneracy,hate,normal
<user> <user> fucking retard,hate,offensive
iran our women and children are being raped murdered and stabbed by invading barbarians and we are worried about muh democracy in iran wtf iranprotests,hate,normal
<user> why would anyone watch whigger garbage like this show in the beginning,offensive,normal
then hoes stole my choreo and still managed to make it look bad and lose with it lmfao,offensive,normal
i need to calm down and stop being so autistic like honestly im just too retarded wtf im going to try be a calmer person from now on,hate,offensive
day <number> today in gym we won a game of mattball cause of my retarded ass,normal,offensive
animals have hemoglobin and plasma too op bitch,offensive,normal
the detroit lions revoked a season ticket holder tickets because he said nigger on twitter but they insist their players are allowed to express themselves freely so long as that expression is jew approved i gather the nfl hates you,offensive,hate
ancient made up european gods and ancient made up kike gods are the exact same thing if you are not worshiping actual god you are worshipping someone else that someone else is satan does not matter if you call him moloch odin or your ancestor spirit different names same being,offensive,hate
i do not see why people go camping if i wanted to freeze my balls off and shit in a bucket i would sleep at my aunt house in the ghetto,hate,offensive
<user> must admit the term ‚Äú muzzies ‚Äù nags at me bothers me but this guy nevertheless is in need of serious mental adjustment,offensive,hate
i do not understand why we are so overly nice to the elderly they are by far the meanest motherfuckers in the world sure some of them can bake i will give ya that but they also will call you a faggot or give you the finger faster than any other demographic,offensive,hate
radio news report this morning referenced ‚Äú law abiding illegal immigrants ‚Äù unbelievable you can ‚Äô t make this stuff up journalism is dead,normal,offensive
online nazi haha guys the left can not meme <number> white privilege diversity is our strength race is just skin color the holocaust racist sexist bigot homophobe islamophobe anti semite,hate,normal
<user> <user> how can a refugee cross any border illegally asking for people who need help,offensive,normal
<user> take care of it for me a bitch wants to die and has no regard for her own health,offensive,normal
that charlottesville violence is aweful for years the rightys refrained from violence while the islamic extremists and registered democrats perpetrated it more times than a guy can count on two hands it does not help em that anytime folks tries to assemble the leftys show up to egg people on,normal,offensive
trump and the lawless republican party have turned this country into a shithole country with no justice no authority to enforce our laws any longer this potus and mcconnell senate are declaring that they are above our laws but the peasant citizens must obey the laws,normal,offensive
you have a spic in a spic area he d have had to be the shooter himself almost to get fired a little bit of sexual harassment eyy mamasita joo bee lookin good is nothing to those muds best to deport them all,offensive,hate
<user> the privileged white devils are the only race that can not be victims of a hate crime,offensive,normal
the government needs to keep inspecting the places that towel heads worship cause they are bad places and whats going on with the cop killer that shot the white un armed woman,offensive,hate
<user> trump does not care about shithole countries,normal,offensive
<user> he a fucking faggy kike oh yeah bill mitchell got it as well he turned on the alt right yesterday as well saying white genocide and jq were conspiracy theories,offensive,hate
gab lately has gone absolutely full retard i havent seen this level of breakdown since i trolled themeparkreview com into the ground well me and a few other trolls guys you all need to chill,normal,offensive
<user> and the chinaman will eat both,offensive,normal
so according to kike shapiro <number> out of <number> dead and <number> injured being members of hamas justifies everything,offensive,hate
you can sleep safe at night knowing these wonderful ladies at nato are defending you from moslem terrorist,hate,normal
if i think he thottin ima do it first i am gon call my side bitch we gon do the work ü•¥,offensive,normal
nigger lovin fgt,offensive,hate
<user> <user> what a vile islamist you have become shame,normal,offensive
standup purity spiraled iself into a singer songwriter ghetto so that talented performers like a bob hope are not considered real comedians cause they paid other ppl to write jokes for them,normal,offensive
longest war $$ $$ in american history a few stinkin thousand muzzies we can not wipe out gen smedley butler war i a racket but make sure you cough up your tax for this bullshit farce or they throw you in jail,offensive,hate
wow you just admitted to wanting the homo sex eww the trolls on gab are retarded as hell maybe as technology improves so will the faggotry jeff mute this nigga mute,hate,offensive
the tsarnaev brothers remember them sorry you may know them by another title bostonbombers shocking they were also called refugees what are the odds that islamic muslim refugees commit terrorism on the people and country they are taught to hate gabfam maga americafirst islam,offensive,hate
my paki muslim neighbour just got a job as a traffic warden i said what wrong mate were you unhappy that people did not hate you enough,offensive,hate
liberals call potus trump supporters white supremacists nazis and coons but whine because he calls fat boy in nk rocket man ‚ùÑ hypocrites üòÇ,offensive,hate
loll calling me a zhid and pedophile when i am neither,normal,hate
so boring that this janitor has me blocked someone call this porch monkey to clean my mf toilet,hate,normal
i wonder how many of those living in the ghetto now drinking leadened water and under constant threat of gang violence long for a secure bed and meals on the plantation,hate,offensive
damn dykes be looking scrumptious,offensive,hate
<user> begone ching chong,offensive,hate
i hate saying nigga around my white friends but sometimes you niggers be out coonin and a cmon my nigga will slip out every now and again,normal,hate
<user> you forgot to mention illegal muslim refugee,offensive,normal
if a pic can be shown send in the drone the cancer of islam needs to be eradicated not enabled ww2 vets are rolling in their graves,hate,offensive
and what does that make you a hearsay peddling moron what is a kike anyway what label may i place upon your genius how about peasant,offensive,hate
‚Äú i don ‚Äô t have to respect women i ‚Äô m gay ‚Äù kevin,offensive,normal
best live topic i have seen on gab check out this fucking mongrel having to raise this is a worse toll than mudshark glasses,offensive,hate
no guys this based chinaman billionaire is going to make america great again,normal,offensive
welp tinder was exactly what i expected <percent> ugly fat chicks <percent> duckfaced instagram models fishing for likes <percent> prog dykes uninstall,offensive,hate
just remembered that renee is a lesbian the dykes won this one,normal,offensive
well the weasel and who is carrying water for the biggest liar in our country history obama is about to get his ass set on fire and the ex coon and moslem commander is going down too releasethememo is finally here,offensive,hate
<user> <user> but you said you like guys that what gays do,offensive,normal
you know those women you see around that have that trailer trash made up look with the bad eye makeup messy bun padded bra and super skinny meth body yeah they are probably meth addicts ‚Äî author unknown,offensive,normal
did you offa to say which dyke it was btw british history offa dyke <happy>,offensive,normal
if the greeks from <number> years ago could see the olympics now they d throw up it all about more msm promotion of gays blacks and those who hate whitey back then it was a statement of see do not mess with my country we will f you up,hate,offensive
split her like a twix smoking on zkittles high as a bitch,normal,offensive
<user> like i have been saying for awhile now that soon the left ideology will lock horns with the islamic one total shit show,offensive,normal
<user> you do not consider anything presented to you as evidence let alone irrefutable evidence you just continue to diagree you shifted this argument from the jews pushing the muslims in to the holocaust to af diary you can not win so you shift are you black or a woman,offensive,normal
<user> whitebreads have no taste says wholewheat 1 st gen immigrant currently residing in the corporate capital of the world,offensive,normal
is this why kale is popular now because it clears out your shit shaft i did not know it was queer food,offensive,normal
precinct and campaign meetings will confirm that it is only whites who hold any ideals about government non whites want free govt cheese and jews are crazy for power,offensive,hate
egad my home is being invaded by black ants i wonder if this is some sort of cosmic symbolism for the third world immigrant invasion probably not i have not heard of any mexicans getting crushed by the thumb of damocles,offensive,normal
you alt lite queers need to pick a side pro white or anti white race mixers and thot defenders deserve the rope,hate,offensive
<user> chile the ghetto üíÄ üíÄ üíÄ they mustve stole it coz they hate u i,offensive,normal
mfs really be cheatin on u w bitches who look up to u amp dat copy errything u do post,normal,offensive
i am gonna go now but i will be back later we are just getting started you and i better rummage through your closet and find your dancing shoes bitch boy we are not done by a long shot,offensive,normal
brian ross suspension people lost money sorry but ziltch any sympathy those retarded enough to panic sell off shoudln t invest if they panicked over that they d ve lost it all later anyhow armaggedons can really occur but not everything armaggedon either concern but not actionable panic,normal,offensive
for fuck sake when is the western governments going to stop giving these retarded hostile muslims perpetual aid,hate,offensive
<user> shit crazy i go from unsaving the niggers number to putting it right back as baby i be doin too much lol,normal,hate
we take mosque hit and runs very seriously but if you are a muslim migrant and plow into a load of pedestrians we will do our best to rule it an accident,offensive,hate
i hate arabs why they said we all are working in macdonalds ÿπŸÖÿßŸÑ_ŸÖÿßŸÉ,hate,normal
rt usahotlips i never thought i would see the day when liberals would have so much contempt for one man their country that they would actually cheer for defend ms <number> north korea iran illegal immigrants deep state thursdaythought maga tds,offensive,normal
<user> u negroes never take your destiny into your own hands and just keep waiting for others to change your lot in life,offensive,normal
a b testing is a bitch when you can not find a delete button <user>,offensive,normal
refugees will always feel threatened here in the us until they reject terrorists turn in the monsters in their communities adopt and support american laws and our constitution in other words assimilate until then refugees will feel threatened and rightly so their choice,offensive,normal
women love tellin she ‚Äô half amp half i ‚Äô ll tell you who is tho üòÇ üò≠ üòÇ üò≠ üòÇ,offensive,normal
1 0 th floor maybe wow cnn with the fakenews the body count is going to be waay bad too but we can all go home now they have the white ar <number> toting suicide shooter with huge drum mags dead on the 3 2 nd floor,offensive,normal
<user> yeah i ‚Äô m fwy don ‚Äô t do that ghetto ass shit,normal,offensive
loved 7 0 comedy you could say nigga paki and be lazy and chase women with big bristols and john and larry were the brighton element,offensive,normal
i ‚Äô ll turn a dyke into a bike,offensive,hate
<user> lmao üòÇ eses charged me under <money> fuck them white folk lmao,offensive,normal
being lorded over by squatamalens and negresses is okay as long as they are from middle america,offensive,hate
once racemixing became alluring purely because about <number> of japanese women are not sluts white nationalism became seriously dis alluring i hear <number> of rural russian women are not sluts though so that makes me a russian nationalist woohoo,hate,offensive
seems the london muzzies get a taste of their own medicine finsbury park,offensive,hate
dont like capitalism want socialism want national socialism also known as socialism for whites only got to africa jews have imposed socialism for blacks only there and if someone tries to open a business he gets shot by the jews,offensive,hate
<user> this is an uninformed post regarding the lesbian comment there is absolutely no evidence that michael moore likes women,offensive,normal
honestly the only woman i would not ever date is a solid black woman hispanics are aye okay asians are qu3 <number> i do not have yellow fever anymore but white girls can be crazy ass folk indian and arab women maybe but they gotta be shaved no negotiating that shit,hate,normal
i know sum bitch made ass niggas man ü§¶ üèæ ‚Äç ‚ôÇÔ∏è ü§¶ üèæ ‚Äç ‚ôÇÔ∏è ü§¶ üèæ ‚Äç ‚ôÇÔ∏è,normal,offensive
<number> year old black man charged with raping a <number> year old child in al it no secret why the black man loves islam because that moo haamed guy tells me i gots to gets me a <number> year old maga <user> <user>,hate,normal
the next person that fucks me over family friend whoever gone feel me ‚ÄºÔ∏è,offensive,normal
hopefully he gets rid of the faggots and dykes next,offensive,hate
<user> it ‚Äô mind poison islam,offensive,hate
we are talking about people dick not m ms and the same can apply for white men should we ban white men or ban them from buying guns,offensive,normal
france problems are not going to fix themselves and this attack was just the tip of the iceberg uncontrolled immigration has been an ongoing issue in france for over a decade the only longstanding solution would be to deport every last moslem back to their home countries mega,offensive,hate
plutonium is so ass it just a bunch of retards killing last <number> seconds into the game,normal,offensive
they never fighting outside my apartment wow the fucking ghetto,offensive,normal
everybody say dyke keep it goin,normal,hate
as the zionist controlled tech industry marginalises the voice of white interests i have applied for refugee status at gab first they came for dailystormer then they came for stormfront next they came for cuckservatives moral is stop punching right as you will be next,normal,offensive
yah christian island republic shall not have queers or witches on it if we find any death,hate,normal
<user> then you are retarded which is kinda true,normal,offensive
<user> i am delighted peter sweden is as retarded as his twitter career suggests it ‚Äô all very quaint and comfortable,offensive,normal
remember when subscribing to a youtube channel meant you got their videos in your sub feed now you have to click this retarded bell or else youtube will curate videos out of your sub feed without your permission,normal,offensive
<user> it a refugees fault for ‚Üî sucking up all the oxygen ‚Üî thus my issues get ignored or minimized ‚Üï citizens before regugees ‚Üï,offensive,normal
all you so called jewish people and asians you actually white supremes,hate,normal
you promote articles by fat dyke pipe fitters that a fantasy,offensive,hate
knock off a cracker for callin me towelhead,hate,normal
niggers in tulsa on video saying fuck the police after a wild nigger mentally ill was killed by cops we do not want or need niggers in america quit using <number> niggers call black lives matter instead of <number> better yet leave america now you worthless pieces of shit,offensive,hate
david a clarke jr ‚Äè verified account <user> 1 h1 hour ago where was the visceral reaction toward cam newton by the left when bill maher referred to himself as a house nigger on live tv they laughed,normal,hate
<user> the illiterates immigrants and fkn mongs must not forget what they are,offensive,normal
<user> hey joo phebus you have still never explained your ties to jew lawyers and liberal actvists like diversity law group all you had to do is explain but you refuse but you demand others explain things to you you are such a textbook heeb operative just poorly trained,offensive,normal
the heeb fears the muramasa,normal,hate
shut this billionaire bugatti brick this nigger pole,normal,hate
kiske to kick someone gay old for a gay little ass,normal,hate
you are obviously stupid so you would not understand if you truly believe physical force is justified at this time why are not you shooting blacks or mexicans in the ghetto you do not really believe in what you are saying cuck,offensive,hate
those two were the first racist in the white house,offensive,normal
<user> conversano seen by some as controlled opposition advocates frontal clash risks civil war whereas the french white population has no weapons contrary to the heavily armed ghettos good idea,offensive,normal
using gas lighting propaganda for you horrible white southerners meant nothing real,normal,offensive
plz let nebula pulverize that giant sadistic grape,normal,offensive
can you guys say nigger without getting arrested lol,offensive,hate
lol the only things an african has ever invented is peanut butter like wow we really couldnt live with out that meanwhile white people and asians have invented practically everything in the modern world,offensive,normal
eurocucks love to watch their wives get raped by migrants,hate,offensive
<user> <user> <user> absolutely right man legal immigrants who work hard and and are law abiding citizens are not the problem the context of my comment was to highlight the devastating effects of refugee crisis post <number> that has plagued eu and canada with forced immigrants from uncivilized society,offensive,normal
so a black girl wearing a trump themed dress and getting called coon is not racist but another black girl losing an award to a white girl is we do not have insane asylums big enough for this kind of mental illness,normal,hate
well said lord pearson we are looking at millions of rapes of white and sikh girls other communities too by muslim men only <number> have been convicted since <number> can we talk about islam without being accused of hate crime lord pearson question in the house of lords islamistheproblem,offensive,normal
<user> trump acts like a president obama acts like a nigger street punk from chicago the clintons act like white trash spoiled crybabies and sore losers,offensive,hate
i am so glad i am home time to stare at the wall and listen to some sweet music see ya later niggerz,normal,hate
<user> your the one left faggot the battle been over good night,offensive,normal
mussie ohell created funded armed isis tried to destroy america <number> years in the pit of his incompetent hell christians prayed for god to heal our land god blessed this land ans trump the media whores and both parties hate him because elected by revolution voters who want america and god first,hate,offensive
yadi is a fucking faggot,hate,offensive
baked alaska is probably my favorite anti racist holocaust denier definitely top <number>,offensive,normal
daily reminder that with the jews you lose do not believe me just ask jesus,offensive,normal
saw the new star whores movie this is my review a long long time ago in a ghetto far far away it is a period of cibil rights nigga rocketships striking from dey hood dey have won dey first victory against the ebil cracka empire,hate,offensive
<user> <user> quillette is nazi propaganda what a surprise,offensive,normal
<user> <user> i can ‚Äô t stand this look they all look like identical blow up dolls,offensive,normal
purple haired dyke fascism please stop this meme,offensive,hate
i just know that gays with airpods are gonna cheat on me,offensive,normal
i am presuming he means the standard left wing idiots lots of hypocritical women amongst them think maria ladenburger obviously you are against these fucking muhammedans,hate,offensive
edgy gg stans think being racist is ok i hate faggots,hate,offensive
you niggas faggots putting you all hands on females,hate,offensive
joy ann reid is a bloviating niggress brood sow who does not know what the fuck hacking is,offensive,hate
european capitols arent american besides europe allowed the muzzies in anyway not my problem,offensive,hate
per capita whites are doing much better than the chinese besides i think you are over estimating how much soy the average chinaman actually eats,normal,hate
i am so glad i do not live there anymore i got out before the muslim invasion of minnesota,hate,normal
brennan is a vicious nasty muslim convert no act is too low for him,offensive,hate
non lesbians stop saying dyke,offensive,normal
<user> this reminds me of this one pic from the 1 8 0 0 depicting a chronic masturbator as retarded lmao,normal,offensive
women do not understand the difference between fact and opinion nor do they understand that not all opinions are equal some do but the vast majority including high iq women do not of course it also true that most men are women,offensive,normal
thinking about creating a based nigger in a trump hat twitter account just so i can get a shit load of followers fast then act like i just discovered the jews are up to some real shit see whose side the normie conservatives take lol,normal,hate
gay you are,offensive,normal
white moms yeah my mom is gay black moms yeah he call hisself liking boys,offensive,normal
this neighbor at <number> has plates 3 d on his black audi is he going to kill me 134 days prior to valentines day or is he just an anti gay bigot who likes 3 d printers and hates on faggots now he has backed in the black explorer,normal,offensive
by taking known numbers of muslim refugees being allowed onto our soil daily <number> multiplying each by <number> for chain migration every muslim in the world could potentially be here by <number> enough diversity yet stopislam banislam,hate,normal
you are right jared we should not judge tara or lauren southern by their distant yid ancestry arguing percentages is frivolous but we should judge them on the positions they take on the issues,hate,normal
the white bitch who killed her neighbor and thought he was an intruder was just convicted of murder score a million for the people a cop going behind bars,normal,offensive
i envision everything this retarded puerto rican saying to me being typed out on a shitty android phone in between kik sessions with random <number> <number> thots with <number> kids,offensive,hate
<user> we have all been raped by these assholes cathy obrian came out years ago,offensive,normal
<user> slurs would be wetback or beaner not illegal alien üôÑ,offensive,hate
no no it every topic dude every topic that gets some traction here they come they are in every room spouting it the jews and the arabs then the blacks it what they came to do,normal,offensive
arsenal is a fucking small club with a lot of noise makers called fans livars,offensive,normal
jews started terrorism murdering and bombing in jerusalem jews are fucking arabs,offensive,hate
i dont care about hitler because i care about western people hitler allows millions of jews to pose as neonazis to cuck millions of gentiles from rebelling against jews for fear of being called a nazi,normal,hate
<user> you are a fake pervert asshole you can be raped dont be stupid and work or study change you life,hate,normal
they are calling nick fuentes not part of the movement as if the movement is some sort of cult and saying he an immature attention seeker i have <number> problem with women who are mothers speaking out for our people just these single ladies should not do beta farming,offensive,normal
that girl o jewa ke enged her way to twitter verification,normal,offensive
how can arya jook a man gendry was fistin that bitch the other day and someone shook his hand,normal,offensive
but moslem men and even children also get raped by moslem men,offensive,hate
clowns in this bitch,normal,offensive
you niggas is fake asl that ‚Äô why you don ‚Äô t see none round me,hate,normal
<user> hey thats gay,offensive,normal
<user> normalize hating white people,offensive,normal
the civil rights movement was nothing more than a communist push for special rights for non whites via jewish legal teams capitalizing off media influenced white guilt and misplaced altruism that would change the face of america into what it is today,hate,offensive
turkey is deporting <number> million illegal immigrants from their soil to syria and northern iraq we must deport <number> <number> million illegal immigrants from america just think about it a muslim country deporting millions of muslims refugees no open borders in the middle east,offensive,hate
muslim migrant rapes more women than canadian bernado yet media stays silent we wonder why no one trusts the media any more,offensive,hate
we have a very low quality of homo these days and that is because they are allowed to gallivant in plein air the closet makes the queer,hate,normal
if muzrats reckon muzrat countries are houses of peace and non muzrat countries are houses of war then every muzrat in non muzrat countries should be considered as soldiers or spies behind enemy lines,offensive,hate
damn right we are going to react when an <number> white country pushes non white actors everywhere,offensive,normal
as much as i appreciate a format of open discussion i really just want a facebook that i can say beaner on,normal,hate
<number> of american women are overweight or obese ‚Äî what the hell is going on in our country,offensive,normal
exactly but if a white <number> years ago defended himself against a black attack then it is an epidemic,offensive,normal
good morning everyone except illegal aliens and avocados üòÇ,offensive,normal
<user> them boss can i have a few days o boss shut up nigger,normal,hate
i know we are all worried about whether trump will cave on daca what will go on with the norks and the iranians whether we will stem the tide of moslem migration and postmodernist degeneracy but let us ask the real questions should i make soft pretzels or english muffins,normal,hate
imo trump did that for the ghetto turds as he was trying to be a non racist the feds want bundy land for the uranium trump can still call most of his advisors are useless and need to be fired they are still part of the swamp,offensive,hate
<user> niggas in london forget they just children of islander immigrants just like toronto niggas lmfao,hate,normal
i am such a slut for fresh bedding,offensive,normal
<user> <user> believe all women unless raped by a democrat then destroy the victim at all costs,hate,normal
<user> i am black with all white freinds taco man,offensive,normal
<user> remember when her dad hung out with a ukrainian neo nazi or when he called his captors gooks,offensive,normal
<user> let be honest multiculturalism is just a euphemism for hostile takeover by jews and non whites,hate,normal
portrait of a lady on fire screening in atlanta literally the day after i go back home to k*ntucky <censored> the universe really hates pretentious dykes i guess,hate,offensive
<number> every bit of jewish origin stories in the old testament is about a horde of jews infiltrating another superior culture breeding like rats then trying to over throw said culture egypt babylon persia everywhere they went they did this,offensive,normal
<user> the wrench and hammer are deep fake additions that chinazi pig came over ready to kill someone,offensive,normal
how did these jews make such an accurate representation of the pro white movement it just like us,normal,offensive
the blm leadership have been out disrupting lgbt events the black militant muscle panthers guerilla family et al who were murdering whites cops are who knows where the street thugs burning and looting are probably in and out of jail or being moved to prey on the white suburbs,hate,normal
ricky i very much wish this could be a possibility in the us however the data since the <number> until today proves that blacks jews mestizos and asians vote overwhelmingly for democrats non whites vote overwhelmingly for less freedom bigger govt and more gibs me dat please explain,hate,offensive
dyke call me c murda girl if you do not get the fuck,normal,hate
brennan is a traitor any other muslim who attains a position of responsibility will also commit treason muslims cannot be muslims while upholding the us constitution or its laws they are irrevocably in conflict with so called islamic law,offensive,normal
<user> well i can certainly taser a bitch,normal,offensive
white people allowed their kids to be raped by pakis why they went running to the police why is not it a fathers job to protect his kids from monsters we did in my day we did not ask anyone permission,offensive,normal
how does an area become a ghetto all the white ppl move out,offensive,normal
cursive was left out by the common core to bring everyone down to ghetto levels and destroy american calligraphy cursive will never die,normal,offensive
so muslim is back killing people with truck again islam the religion of peace etc,offensive,normal
western women use vagina stereo speaker to blast unborn babies with feminist female empowerment musics of negress beyonce hag madonna breasticular katy perries slav expecting mothers enjoy cerebral classical music of tchaikovsky dvor√°k mussorgsky stravinsky free of vaginal intrusion,normal,hate
if u can read this ure gay and also ilu,offensive,normal
what an absolutely beautiful video this is germany under hitler was as close to paradise as the beleagurd goyim shall ever see the jews won ww1 and ww2 the jews are now orchestrating ww3 godspeed my friends i love u,hate,offensive
spin the wheel of sexual harassment folks who will it be next and for what crime mccain violation of the logan act podesta for the evil that he is clinton of course but pick your fucking poison,offensive,normal
faggots still stan the fuck out of kim petras and it so fucking disgusting what worse is they use her as an excuse to love the trans community she a demon and the white devil if you still like her fuck off,offensive,hate
you can change your heart but you can not change your fellow man heart if a group of people participates in honor killings genital mutilations treating women as property and legal pedophilia the chances of you changing that are remote we have got our nation and they have got theirs trump maga,offensive,hate
gta san andreas the story of an above average somewhat talented black man who escapes the ghetto and becomes reasonably successful only to be dragged back in in the final act because his brother is a stubborn dumbass -_-,normal,offensive
<user> the same people who defend a woman right to post ass pics on instagram are the same to try and push them out of a job and suddenly say it degrading to them will you ugly dykes pick something to be offended by and stick with it,hate,normal
cool story bro tell me the one about the based nigger in a trump hat next,offensive,hate
wait so ur tellin me not only is the earth not flat but niggers be on other planets i guess i should not be surprised after learning what ethnic swedes look like i always thought they were hot blondes,offensive,hate
<user> i hate caucasians,hate,normal
feminists i am doing this womens march because trump is a misogynist that hires many women into leading roles in his business and hates illegal immigrants i am the resistance but let import as many islamic women oppressing refugees as we can cuz diversity,normal,offensive
this is the general attitude of all ghetto apes,hate,offensive
islam is the religion of peace there a piece of you over here another piece over there some more pieces over there the fun never stops with the retarded followers of the pedophile prophet,offensive,hate
ventura only governor to refund overpaid taxes back to those who paid them burqa betsy just fired gay police chief who demanded open investigation against mudslime cop that murdered white christian woman appointed mudslime as new chief burqa betsy will lose gay vote and mayor position,offensive,hate
p at least harvey weinstein only raped and assaulted the gentiles not angelina jolie or gwyneth paltrow so he still a good jew üòÇ,hate,normal
it more it news community looks into the lives of people we d otherwise not know let get real too not so many ghetto phone dindus and skanks,normal,offensive
laughed at i have been disrespected by all of my peers and have had to stop being myself and talking about them a couple of times because apparently they were not good ugly ching chong chang excuse me wtf i m done with everyone stupid comments about what i love,offensive,hate
also in this same vibe any wigger who calls white missionaries who save the lives of non white children in africa india ect a race traitor is an actual h0m0,offensive,hate
baby was a black sheep baby was a whore baby gotten big and baby getting bigger baby got some then baby want more baby baby baby was a rock roll nigger,normal,hate
please don ‚Äô t kill yourself babygirl you have those voluptuous thighs,offensive,normal
<user> talmud according to jews is just men commentary qur an according to muslims is literally the word of allah god we have to attack the qur an first because jews are not flying into buildings killing people plus is obvious no god would make so many mistakes as shown in qur an,hate,normal
<user> this is the twat who wants to start another holocaust in eire,normal,offensive
being homophobic is gay because you are worrying about what other guys do with their dicks,offensive,normal
who were the utter fuckwits that thought nazi salutes nazi symbolism and yelling gas the kikes was a good idea way to let a legitimate protest be ambushed charlottesville,offensive,hate
<user> you can take the family out of the ghetto but you cannot take the ghetto out of the family,offensive,normal
the only people trump is playing chess against are the american people the jew controlled alt right are full of liars and traitors ask yourselves would adolf hitler shake netanyahu hand would he prostrate himself like a bitch before the wailing wall,hate,offensive
we can never have this as long as there are blacks jews spics muslims and asians,offensive,hate
eh i do not think i d suggest it at this point too much crime largely driven by immigrants and the fact that jobs are getting hard to find at times five years ago i would have said sure chile may be better cc <user> <user>,offensive,normal
lmao gay haircut,offensive,normal
she is tired of liberal faggots uwuu give me welfare open the borders i love refugees and trannies weak men turn her off she wants to be in a nationalist bed,offensive,hate
clapton told the crowd that england had become overcrowded vote for powell to stop britain from becoming a black colony that britain should get the foreigners out get the wogs out get the coons out then repeatedly shouted the national front slogan keep britain white prophetic,normal,hate
what the hell is it with shitty gab trolls and calling people monkeys maybe that kike freud was right,offensive,hate
throwing kitchenware is a bitch move it what physically weak women do to indicate their displeasure without actually attacking their man,offensive,normal
edited their news headline for clarity the most common baby name for a moslem in england muhammad mohammed,offensive,normal
<user> what if the sugar gramp was a ss soilder who killed hundreds of jews but is a multi billionaire ü§î,hate,normal
<user> <user> women can not be wise estrogen makes them retarded,hate,offensive
build great wall made by prison or shitskin labor using kilms dig out moats filled with gators or flooded with rushing water fact wet backs cant swim in raging waters illegal immigration solved border patrol do their jobs where no wall or moats,offensive,hate
ooh my car so retarded this bitch just farted,normal,offensive
damn it 9 eyedeel disemboweling was my sadistic recommendation of the day with these posts the nigger beat me to it,offensive,hate
<user> <user> what you know you crisp selling prick house the refugees you keep on about you potato shagging cunt,offensive,hate
bill clinton raped multiple women and lied under oath not a single democrat voted to remove him from office we refuse to accept their claimed moral authority and we will vote in our own interests as we see fit regardless of what lies the washington post chooses to print,offensive,normal
this post is clearly bait from someone who wants to get sent pictures of asians with nice asses,offensive,normal
the neo nazi faggots are all running back to twitter twatter i dunno i am attempting an educated guess the next question is what or who scared the shit out of them and made them run away,hate,offensive
who would have thought my nigger ass would be eating some fucking california rolls lmao,normal,hate
because its a scam run by kikes to enforce world domination while using white lives to do so or perhaps you missed the part about how we have done nothing but invade nations since the end of ww2 that have never attacked us,offensive,hate
i just thought about wtf i am doing and i am fucking retarded,normal,offensive
an illegal immigrant that came here to commit crimes is not the same as someone who comes to work abide by our american laws live in peace deportzarate justiceforkate,normal,offensive
stupid commie cunts fuck them well actually do not fuck the bald lesbian that just nasty plus she does not like dick and do not fuck the black one or the fat one who wants to go ghetto or hoggin the one on the left is doable though,offensive,hate
i will slap da shit outta white girl bitch do not tell me you want my nigger cock,offensive,hate
he gave you a brillo pad that you all spend a fortune on to get rid of so you can look like white women,offensive,normal
<user> are you gonna cry becuase someone insulted your precious ching chong singers,normal,hate
<user> just shut up jihadi and whole country will burn you if you oppose,hate,normal
i like when they pretty and ghetto type of bitch that don ‚Äô t even say hello ü•µ,normal,offensive
the bigger the hoops the bigger the hoe guy at gas station,normal,offensive
tweeting about how horny u are amp how high your sex drive is is ghetto ü•¥,offensive,normal
the koch faggots and friends should be ovened,hate,offensive
there are good and decent people here who have no interest in hearing jew nigger kike spic jap wop dago mick kraut porch monkey sand nigger moon cricket must they endure just so you can have your opinion validated,normal,hate
do u have to be retarded to be a lino,normal,offensive
spss is a fucking joke,offensive,normal
<user> it did not work with the leftists this year now did it people do not respond well to name calling not being retarded or anything but this exactly why leftists lost this year and we do not want to be them in the next time,offensive,normal
i do not encourage kafir kids to drink from moslem cups tissue is haram to them they wipe their ass with their hands,offensive,normal
<user> <user> import3d terrorists and embedded muslim brotherhood stop rioting and looting,hate,normal
so if the ghetto clans and angry dumb fems so come over with there muslum terrorist buddies that are equally great appearetly for whatever reason will this site cater to them because they do love a good upsetting it like a happening for them except is it different,offensive,hate
blah blah blah gay reference deep state blah blah blah lol just come out the closet already homo,offensive,normal
<user> safe and affordable killing of helpless babies just what a muslim wants one less infidel to kill or convert,hate,normal
but it more than that it really about people not accepting gays trans lesbians because if their religious beliefs for that reason it gives conservatives the cover of attacking free speech they are lying their ass off they do not want to not say faggot anymore,normal,offensive
canfam next make sure that everyone you know sees video footage of taharrush gamea from europe and let them know europe has imported the muslim gang rape game and that the euro press has totally blacked out this epidemic of horrifically violent gang rape and beatings of european women,hate,offensive
<user> im buying a pair in support of hoping to offend more muslims,offensive,normal
i swear dykes who dress like straight boys discuss me fr who taught you all how to dress put on some mf jeans,normal,hate
the question i ask myself most often is why the negro race keeps running away from themselves to live amongst the white race and then turn around and blame the white race for their pathetic existence in the land from whence they came,offensive,hate
dear ghetto dwelling leaches put down the crack pipe and weed <user>,hate,offensive
<user> eldar is queer race imperium of man is patriarchy welcome to the new faggotry lmao,hate,normal
<user> is it on wattpad a bitch is broke to buy it lmao,normal,offensive
he also supported other causes in <number> he tackled the issues of human trafficking and gang violence when he directed the videos for his tracks for a better day and pure grinding all the songs have a story i wanted to tell avicii said avicii qanon,offensive,normal
and of course where this ultimately leads to the tate murders failure to occur what this creates in effect is a fantasy jewish moralizer comparable to the war against the germans existing in ib while simulatenously offering a holocaust negation fantasy,normal,offensive
if hopper is died you all niggers better count your fucking days <user>,normal,hate
can i say nigger too,normal,hate
even when they are stuck between two white babies like an inside out oreo cookie,offensive,normal
the gay gods gave the lesbians <number> rights this day,offensive,normal
<user> would have pressed that bitch and beat the faggot out of him,hate,offensive
grown ass men doing women activities and lil faggot boys taking your daughter homecoming queen crown this what the fuck yall wanted,hate,offensive
please can you enlighten me as to why chabad jews think they are superior are we all not gods children <number> is a very important number yes its not just your religious number i would welcome conversation with you to try and understand your attitude towards goyem life,offensive,normal
attention all lieberal feminazi here a cause for you put on your pussy hats and go get the toxic male responsible for actual pussy grabbing c mon lying bitches still waiting,hate,offensive
true but the most disgusting thing would be a muslim twerking a goat,offensive,hate
miss the chinaman in the hood yo,offensive,normal
<user> a redneck woman,offensive,normal
<user> what a vile gobshite it ‚Äô a management issue not a immigrant issue and then she defends the us healthcare system wild,normal,offensive
biological traitors that want to wallow in a ghetto,normal,offensive
<user> goad is sharp and has an ear for the language i keep trying to pull myself from interacting with long gone progressives in the f***book <censored> ghetto and write for publication to sway people who are open to reason instead,offensive,normal
frikkin jootoob put it in restricted mode now could not watch the whole show live and the spergchat replay is now gone sadface emoji many lulz in gari√©py ghetto will be missed youc the nuke hoiyt sum poowah diyvoyse folks feewings and got poowah papa jf reepoyted ohw gawd,normal,offensive
what a tortured little soul is putting a period after every word the white people version of clapping your hands as you speak it been a long time since i have seen your what a dolt,normal,offensive
i noticed in this sting operation video the brown third worlder who was unabashed about banning right wingers is an indian its very embarassing for us indians in india when these dumbfucks go to usa settle there and then decide to backstab white majority by spewing venom against them kick them out,offensive,hate
homosexuals did the holocaust,offensive,normal
<user> <user> now you know why valerie planet of the apes jarrett and barack porch monkey obanger rented an apartment across the street on pennsylvania boulevard it called a wiretap,hate,normal
ben is a dumb kike but he sure is god at burning sjw faggots so he is a predictable winner for fag to fag confronts,offensive,hate
foolish women removing their mangalsutras themselves what else to xtian n muslim men want,offensive,normal
dese two dykes on fb arguin postin each other pics callin each other ugly sb den commented you all havin a dyke off im ctfu,normal,hate
in time my friend in time they do already support the acid in my moslem wife face libtards hollywood sucks,offensive,hate
it not just mainstream media i do not like the argument that many people on gab or any where on the interenet have yo my neighborhood had a bunch of asians and blacks moving in i moved cause i did not want to deal with that that not genocide,hate,normal
this was a total bullshit rule housing is segregated by income more than anything this rule would force wealthy neighborhoods to allow section <number> housing be built in high end communities under the guise of diversity and equality bringing the ghetto to you,normal,offensive
kevin spacey raped me by making me watch all the way through that queer man fantasia american beauty in the hope of seeing mena suvari tits metoo,offensive,normal
<user> the only woman of color in the room is the chinaman doing the interview,offensive,normal
september ain t waste no time out this ho he came faster than some of you niggers,offensive,hate
<user> jews have their own country they should stop meddling and trying to flood our nations with immigrants,hate,normal
ijeuma oluo lol bet their real name something really ghetto like ty jon or something i notice that the woke african americans love to use african names to virtue signal their identity like that comic artist kwanzer osajyefo,offensive,normal
family has always been important to me and i will hunt down people who hurt them you are freakin retard she may be my niece but she your freakin daughter some mother you are leaving her for some other kids that are not your own,normal,offensive
no chain migration is a bottomless pit of immigrant flooding into the country their mamma and dadda their brothers and sisters their grandparents their aunts uncles their kids etc etc etc family reunification my ass,offensive,normal
and i hate you ‚Äú it ‚Äô a class in here ‚Äù bitch you see students coming in that ‚Äô not in yo class right,offensive,normal
i bet your queers have a hard time typing the word pussy that is why you shit logs smell like ass and astro glide,offensive,hate
plus he a faggot so he likes things up his ass,hate,offensive
i feel that i am a muslim and you whores need to put on a burqa so that someone that is not me accidentally does not stone you to death,offensive,hate
<user> i hate you i ‚Äô m just reminiscing,offensive,normal
we coming for your dollars better call the cops you want a war we got a nuclear holocaust,normal,offensive
<user> well not really islam does not care for ridicule nor reason you beat islam like you would a pack of wolves just do not be a bitch and act tougher than they are problem solved oh and do not invade their hunting grounds if you can help it,offensive,normal
there is a yid involved in very single breaking story out of the white house it interesting that jews are over represented in our government but can somehow avoid blame for any failures in governance it as if the media is somehow colluding to absolve them of any guilt,hate,normal
<number> yr ago muslims shot killed whites blacks latinos asians christians jews for the fact they were non muslim americans sanbernardino,offensive,normal
just call the jews what they really are god suplanters,offensive,normal
yep it been going on a while if only people would listen to people like tommy like us but they do not they like to feel good and not think about the up to a million underage girls raped over the decades,offensive,normal
yet another muslime nigger heard from,offensive,hate
i look forward to the days where women can support each other by teaming up to be homestead mother teachers and take back the education that is instilled in them no more hating yourself because you are white,offensive,normal
i get on twitter just talk shit about you cause u a scary ass hoe üòÇ amp i want your head hoe ü§∑ üèΩ ‚Äç ‚ôÄ Ô∏è but im off this shit good night üòò ‚ùó Ô∏è,offensive,normal
the three women refs in the women uconn vs texas basketball game tonight stank despite the crappy officiating the better team won,offensive,normal
lool it bare gyal clown i see that get no gyal üòÇ they just sad cus they get no bitches but do the most to get em üò≠ try harder,offensive,normal
looks like twitter keeping my shit fuck jack retweet to help a nigga out,offensive,normal
<user> üò≠ üò≠ üò≠ okay cause she was mad as fuck like what the niggers do to you ma am üò≠ üò≠,offensive,hate
i would say its the jews but well it is sorta its not that simple,offensive,normal
thanks jews how it started,offensive,hate
he called me a pig when i asked question lol he has no answer its just typical yid technique believe me even i lie otherwise it anti semitic,offensive,hate
me quietly sitting in class with my friend and showing off my shoes to her look my friend your gay is showing,offensive,normal
the left just got caught in their own trap they promote islam and inter racial marriage mudsharks etc now they want to eliminate freedom of association and not mix it up you cannot fix stupid,offensive,hate
i swear if i ever die someday and some sorry son of bitch votes democrat on my behalf i will comeback and slash that motherfucker,offensive,hate
school is hella gay,offensive,normal
<user> <user> draws eyes hey here is a service where games come and go at a <number> month cycle that retarded,normal,offensive
anti nazi merch and shit rules but no matter the context i ‚Äô m not buying anything that has a swastika on it,normal,offensive
lmao who seeing cupcakke tonight i am down af to go but i got no bitch to go with,offensive,normal
<user> oh boy you are a retard but can be chill you remind me of the kid we used to fuck in the locker room before gym,hate,offensive
killary is such a bitch she should be behind bars,offensive,normal
kepurdhat nkonzerve jon si mean girls 2 shi bitch you tried to do sum like the og but you flopped mad,offensive,normal
what the fuck coca cola not a joke multicultural commercial featuring song america just had muslim immams and head bags and lyric god shed his grace on thee in arabic they really want us fucking dead,hate,offensive
microsoft retarded the entire us information technology industry for <number> years because the keeped migrating and mutating their application program interfaces so that third parties could not built sense making tools on top of the microsoft offerings david robert steele i know more that steve ballmer,normal,offensive
<user> i mean if sexual harassment is just mean girl drama,offensive,normal
fellas is it gay to have gay friends,offensive,normal
i went to the post office today and asked the <number> lb sheboon behind the counter how much faster a letter to amarillo would get there if i used express mail her exact reply mayne you really expeck me ta know diss,offensive,hate
in fact i can not find anything fuzzy or warm about my dutch ness we are a pretty dour people always having to stick our fingers in dykes while wearing wooden shoes does that to you,normal,hate
i am starting to think it the jews üëÄ,hate,normal
imagine if someone wrote a <number> page racial history of jews white interactions in europe and casually noticed that millions of jews had been baptized and became faithful productive citizens that reversed is what i hold e michael jones has done teamwhite,hate,offensive
atomaweapon is a puny faggot trying to be big shit asking billshit questions to dodge the subject,hate,offensive
niggas love staying in contact with they old bitches,normal,offensive
please address the issue of white kids quotations for obvious reasons being raped all across the uk by muslim grooming gangs rotherham is but one city where this is happening but there are many many others and yes this is still continuing and still not being addressed by the police,hate,normal
or white black on gay black on white black on trump violence is common the media schools and gov will have you believe it is the opposite,offensive,normal
through out the ghetto was there nary a word except brothers in green who through the streets could be heard demanding where my five dollah,offensive,normal
read multifandom as muslim maybe i should go sleep,offensive,normal
swedish prime minister stefan l√∂ven condemns minor attack by muslims against the synagogue in gothenburg he wants more money for holocaust propaganda and harsh punishment for antisemitism swedes have been murdered and raped for years without him saying a word a shekel for a good goy,offensive,normal
should martin shkreli get raped in prison,hate,normal
<number> pakis have been found dead in bradford it not terrorism related but thought to be due to a bunk bed collapsing police are blaming al ikea,offensive,normal
objectively east asians are an upgrade intelligence and the mixes are frequently stunning look at kristin kreuk dutch chinese and hybrid vigor is a thing,offensive,normal
<user> <user> ok how about we give mestizos no welfare in exchange for free land like white immigrants then huh,offensive,normal
